wl;UV_control;Dor_paint;UV_paint;Dor_control
300,22;7,441;3,28;3,351;3,527
300,58;7,621;3,265;3,405;3,538
300,95;7,808;3,309;3,374;3,575
301,31;8,083;3,446;3,401;3,692
301,68;8,326;3,354;3,354;3,715
302,04;8,545;3,394;3,264;3,743
302,41;8,968;3,619;3,454;3,873
302,77;9,321;3,709;3,581;4,051
303,14;9,549;3,596;3,553;3,989
303,51;9,678;3,535;3,401;3,911
303,87;9,825;3,492;3,343;3,889
304,24;10,054;3,609;3,469;4,014
304,6;10,194;3,603;3,526;4,007
304,97;10,363;3,522;3,459;3,78
305,33;10,619;3,677;3,383;3,825
305,7;10,715;3,747;3,206;3,72
306,06;10,889;3,698;3,102;3,62
306,43;10,897;3,668;3,035;3,618
306,79;11,02;3,645;3,026;3,646
307,16;11,246;3,735;3,172;3,799
307,52;11,408;3,81;3,303;3,92
307,89;11,563;3,9;3,241;3,927
308,25;11,82;3,931;3,157;4,021
308,62;11,928;3,811;3,157;4,082
308,98;12,183;3,908;3,308;4,257
309,35;12,42;3,996;3,374;4,214
309,71;12,576;3,96;3,381;4,252
310,08;12,662;3,904;3,253;4,191
310,44;12,887;3,813;3,197;4,149
310,81;13,023;3,866;3,287;4,179
311,17;13,292;3,955;3,414;4,243
311,54;13,516;3,962;3,357;4,158
311,9;13,734;3,946;3,328;4,086
312,27;14,068;3,997;3,369;4,145
312,63;14,374;4,171;3,486;4,366
313;14,711;4,102;3,585;4,378
313,36;15,023;4,055;3,743;4,473
313,72;15,288;4,046;3,905;4,558
314,09;15,779;4,089;4,023;4,604
314,45;16,28;4,073;4,086;4,725
314,82;16,67;4,033;4,082;4,643
315,18;17,136;3,951;4,047;4,636
315,55;17,646;4,011;4,098;4,654
315,91;18,072;4,082;4,223;4,693
316,28;18,681;4,274;4,384;4,71
316,64;18,892;4,143;4,411;4,605
317;19,191;4,131;4,503;4,784
317,37;19,65;4,145;4,533;4,894
317,73;20,139;4,114;4,645;4,886
318,1;20,595;4,055;4,736;4,845
318,46;21,053;3,836;4,631;4,819
318,83;21,495;3,821;4,576;4,788
319,19;22,046;3,821;4,614;4,821
319,55;22,698;3,82;4,674;4,793
319,92;23,186;3,718;4,73;4,683
320,28;23,639;3,597;4,804;4,539
320,65;24,093;3,568;4,791;4,462
321,01;24,657;3,42;4,727;4,471
321,38;25,412;3,335;4,604;4,461
321,74;26,032;3,292;4,543;4,402
322,1;26,815;3,29;4,62;4,322
322,47;27,512;3,226;4,665;4,465
322,83;28,211;3,289;4,689;4,428
323,19;29,025;3,153;4,643;4,407
323,56;29,906;3,071;4,761;4,299
323,92;30,602;2,922;4,714;4,186
324,29;31,394;2,78;4,559;4,022
324,65;32,324;2,733;4,483;3,922
325,01;33,182;2,637;4,512;3,746
325,38;34,066;2,615;4,558;3,876
325,74;34,869;2,82;4,676;3,871
326,11;35,832;2,986;4,678;3,837
326,47;36,9;2,961;4,687;3,867
326,83;37,993;2,981;4,825;3,906
327,2;39,234;2,872;4,844;3,893
327,56;40,592;2,927;4,891;3,918
327,92;41,961;2,901;4,923;3,903
328,29;43,139;2,88;4,917;3,963
328,65;44,462;3,039;4,901;3,927
329,01;45,825;3,261;5,069;3,978
329,38;47,174;3,274;5,103;4,067
329,74;48,219;3,159;5,002;3,939
330,1;49,483;3,298;4,988;3,829
330,47;50,723;3,233;5,011;3,852
330,83;51,859;3,294;5,151;3,811
331,19;52,974;3,465;5,148;3,884
331,56;54,18;3,551;5,115;3,879
331,92;55,448;3,858;5,347;4,167
332,28;56,4;3,958;5,52;4,21
332,65;57,538;4,088;5,539;4,257
333,01;58,55;4,161;5,538;4,182
333,37;59,509;4,112;5,371;4,225
333,74;60,336;4,098;5,443;4,274
334,1;61,262;4,164;5,587;4,239
334,46;62,126;4,191;5,664;4,227
334,82;62,782;4,269;5,769;4,251
335,19;63,367;4,365;5,793;4,304
335,55;64,004;4,368;5,718;4,281
335,91;64,628;4,419;5,794;4,226
336,28;65,286;4,469;5,947;4,319
336,64;65,637;4,381;5,876;4,336
337;66,142;4,445;5,901;4,382
337,37;66,7;4,515;5,979;4,523
337,73;67,213;4,479;5,932;4,538
338,09;67,729;4,636;5,983;4,531
338,45;68,183;4,729;6,026;4,556
338,82;68,505;4,707;6,114;4,482
339,18;68,938;4,766;6,182;4,5
339,54;69,29;4,666;6,077;4,309
339,9;69,707;4,62;6,039;4,267
340,27;69,936;4,633;6,142;4,294
340,63;70,18;4,585;6,004;4,184
340,99;70,399;4,504;6,076;4,189
341,35;70,701;4,515;6,067;4,123
341,72;70,798;4,496;5,959;4,128
342,08;70,901;4,564;5,889;4,175
342,44;71,174;4,573;5,767;4,06
342,8;71,409;4,516;5,726;3,995
343,17;71,703;4,615;5,752;4,028
343,53;72,023;4,69;5,835;4,031
343,89;72,298;4,685;5,788;3,903
344,25;72,562;4,723;5,804;3,792
344,62;72,824;4,714;5,774;3,666
344,98;73,136;4,735;5,747;3,602
345,34;73,294;4,669;5,809;3,604
345,7;73,509;4,619;5,825;3,552
346,06;73,762;4,537;5,772;3,525
346,43;74,148;4,569;5,71;3,566
346,79;74,375;4,513;5,65;3,578
347,15;74,49;4,415;5,583;3,561
347,51;74,633;4,427;5,529;3,583
347,87;74,841;4,361;5,446;3,489
348,24;75,133;4,282;5,53;3,479
348,6;75,413;4,342;5,526;3,405
348,96;75,671;4,28;5,513;3,37
349,32;75,829;4,286;5,594;3,415
349,68;75,973;4,21;5,556;3,306
350,04;76,061;4,107;5,551;3,348
350,41;76,097;4,178;5,533;3,41
350,77;76,216;4,167;5,593;3,415
351,13;76,201;4,13;5,504;3,355
351,49;76,242;4,052;5,534;3,414
351,85;76,432;3,966;5,5;3,439
352,22;76,423;3,94;5,497;3,396
352,58;76,397;3,951;5,519;3,359
352,94;76,488;3,916;5,429;3,282
353,3;76,498;3,865;5,335;3,288
353,66;76,435;3,866;5,338;3,27
354,02;76,358;3,739;5,242;3,171
354,38;76,376;3,713;5,204;3,11
354,75;76,385;3,697;5,244;3,096
355,11;76,41;3,678;5,248;3,053
355,47;76,381;3,641;5,241;3,092
355,83;76,328;3,627;5,212;3,085
356,19;76,218;3,589;5,205;3,076
356,55;76,185;3,662;5,274;3,128
356,91;76,018;3,668;5,23;3,013
357,27;75,88;3,63;5,204;2,991
357,64;75,71;3,592;5,153;2,937
358;75,578;3,484;5,057;2,838
358,36;75,38;3,367;5,015;2,792
358,72;75,272;3,325;5,049;2,873
359,08;75,213;3,294;5,042;2,838
359,44;75,288;3,268;5,056;2,787
359,8;75,414;3,235;5,052;2,791
360,16;75,392;3,203;5,057;2,8
360,52;75,607;3,218;5,106;2,83
360,88;75,718;3,184;5,162;2,817
361,25;75,826;3,154;5,115;2,831
361,61;75,983;3,149;5,147;2,872
361,97;76,069;3,153;5,193;2,899
362,33;76,202;3,112;5,16;2,906
362,69;76,339;3,073;5,156;2,884
363,05;76,397;3,075;5,148;2,829
363,41;76,508;3,071;5,135;2,83
363,77;76,726;3,106;5,129;2,898
364,13;76,883;3,095;5,077;2,902
364,49;77,207;3,076;5,059;2,995
364,85;77,553;3,114;5,104;3,067
365,21;77,883;3,172;5,146;3,093
365,57;78,3;3,192;5,202;3,133
365,93;78,584;3,232;5,208;3,132
366,29;78,96;3,209;5,144;3,072
366,66;79,122;3,213;5,142;3,128
367,02;79,12;3,295;5,185;3,162
367,38;79,05;3,307;5,185;3,181
367,74;79,163;3,335;5,227;3,236
368,1;79,144;3,395;5,237;3,263
368,46;79,162;3,428;5,237;3,349
368,82;79,213;3,437;5,313;3,43
369,18;79,239;3,484;5,352;3,514
369,54;79,235;3,438;5,267;3,484
369,9;79,313;3,493;5,292;3,502
370,26;79,354;3,507;5,3;3,549
370,62;79,435;3,511;5,318;3,601
370,98;79,448;3,549;5,332;3,664
371,34;79,424;3,5;5,334;3,622
371,7;79,3;3,462;5,325;3,685
372,06;79,117;3,465;5,347;3,721
372,42;79,059;3,49;5,35;3,727
372,78;78,858;3,519;5,395;3,807
373,14;78,61;3,488;5,413;3,818
373,5;78,481;3,495;5,426;3,859
373,86;78,291;3,486;5,436;3,903
374,22;78,211;3,496;5,441;3,846
374,58;78,148;3,523;5,451;3,935
374,94;78,191;3,523;5,468;4,022
375,3;78,145;3,51;5,437;4,047
375,66;78,108;3,531;5,487;4,096
376,02;78,059;3,55;5,502;4,088
376,38;77,985;3,594;5,504;4,081
376,74;77,872;3,601;5,502;4,022
377,09;77,765;3,643;5,58;4,088
377,45;77,639;3,652;5,599;4,119
377,81;77,524;3,653;5,626;4,177
378,17;77,431;3,666;5,632;4,225
378,53;77,388;3,646;5,673;4,251
378,89;77,275;3,662;5,688;4,311
379,25;77,203;3,658;5,696;4,298
379,61;77,186;3,621;5,696;4,253
379,97;77,007;3,6;5,695;4,267
380,33;76,98;3,57;5,679;4,293
380,69;76,97;3,573;5,717;4,352
381,05;76,912;3,592;5,732;4,423
381,41;76,933;3,653;5,791;4,468
381,77;76,838;3,666;5,811;4,553
382,13;76,744;3,63;5,799;4,57
382,48;76,577;3,652;5,793;4,542
382,84;76,425;3,671;5,802;4,543
383,2;76,244;3,66;5,786;4,571
383,56;76,039;3,638;5,788;4,6
383,92;75,864;3,64;5,79;4,62
384,28;75,79;3,627;5,832;4,685
384,64;75,674;3,657;5,87;4,722
385;75,533;3,646;5,908;4,765
385,36;75,381;3,642;5,924;4,769
385,71;75,274;3,661;5,981;4,773
386,07;75,114;3,693;5,996;4,793
386,43;74,922;3,719;6,041;4,839
386,79;74,689;3,746;6,098;4,913
387,15;74,478;3,789;6,136;4,993
387,51;74,257;3,813;6,153;5,063
387,87;74,056;3,838;6,175;5,074
388,23;73,818;3,879;6,197;5,11
388,58;73,579;3,901;6,259;5,174
388,94;73,404;3,894;6,253;5,208
389,3;73,191;3,916;6,243;5,226
389,66;72,953;3,967;6,284;5,287
390,02;72,786;3,964;6,327;5,357
390,38;72,591;3,974;6,342;5,436
390,73;72,376;3,971;6,339;5,495
391,09;72,209;3,963;6,356;5,543
391,45;72,067;3,954;6,397;5,619
391,81;71,898;3,962;6,416;5,697
392,17;71,757;3,974;6,425;5,764
392,53;71,604;3,986;6,451;5,823
392,88;71,428;3,991;6,476;5,866
393,24;71,191;4;6,471;5,929
393,6;70,986;4,028;6,493;6,01
393,96;70,802;4,046;6,509;6,054
394,32;70,712;4,059;6,531;6,065
394,67;70,544;4,078;6,567;6,1
395,03;70,378;4,073;6,597;6,154
395,39;70,204;4,084;6,634;6,242
395,75;70,052;4,104;6,67;6,33
396,11;69,875;4,096;6,658;6,385
396,46;69,624;4,115;6,69;6,455
396,82;69,463;4,112;6,731;6,545
397,18;69,349;4,096;6,747;6,595
397,54;69,141;4,134;6,798;6,69
397,9;68,961;4,126;6,837;6,755
398,25;68,781;4,142;6,907;6,836
398,61;68,589;4,177;6,98;6,926
398,97;68,287;4,194;7,01;6,959
399,33;67,958;4,229;7,043;6,971
399,68;67,578;4,223;7,051;6,99
400,04;67,207;4,237;7,051;7,032
400,4;66,885;4,277;7,063;7,1
400,76;66,574;4,282;7,096;7,163
401,11;66,27;4,265;7,116;7,188
401,47;66,035;4,287;7,126;7,24
401,83;65,764;4,286;7,147;7,305
402,19;65,52;4,252;7,16;7,364
402,54;65,334;4,235;7,204;7,394
402,9;65,142;4,242;7,227;7,43
403,26;64,931;4,213;7,239;7,455
403,62;64,75;4,217;7,278;7,484
403,97;64,596;4,226;7,325;7,52
404,33;64,441;4,234;7,374;7,562
404,69;64,191;4,226;7,398;7,596
405,04;63,954;4,206;7,376;7,582
405,4;63,739;4,223;7,405;7,59
405,76;63,49;4,214;7,412;7,584
406,12;63,264;4,203;7,435;7,612
406,47;63,04;4,205;7,466;7,648
406,83;62,843;4,181;7,484;7,706
407,19;62,713;4,186;7,543;7,743
407,54;62,611;4,21;7,616;7,806
407,9;62,501;4,204;7,66;7,854
408,26;62,373;4,217;7,713;7,883
408,61;62,245;4,231;7,754;7,921
408,97;62,059;4,214;7,814;7,949
409,33;61,847;4,219;7,842;7,963
409,68;61,625;4,244;7,887;7,995
410,04;61,405;4,267;7,911;8,024
410,4;61,121;4,271;7,966;8,056
410,75;60,825;4,289;8,014;8,045
411,11;60,498;4,333;8,065;8,07
411,47;60,153;4,335;8,093;8,084
411,82;59,817;4,357;8,12;8,088
412,18;59,467;4,374;8,162;8,113
412,54;59,143;4,403;8,233;8,128
412,89;58,785;4,425;8,284;8,137
413,25;58,442;4,455;8,336;8,135
413,61;58,009;4,486;8,383;8,129
413,96;57,574;4,52;8,424;8,117
414,32;57,128;4,56;8,481;8,136
414,67;56,648;4,583;8,491;8,132
415,03;56,199;4,588;8,508;8,098
415,39;55,703;4,619;8,573;8,09
415,74;55,276;4,628;8,611;8,087
416,1;54,814;4,649;8,666;8,062
416,45;54,377;4,667;8,71;8,037
416,81;53,909;4,687;8,756;8,056
417,17;53,507;4,71;8,811;8,058
417,52;53,087;4,727;8,846;8,076
417,88;52,77;4,751;8,871;8,091
418,23;52,497;4,77;8,9;8,118
418,59;52,244;4,761;8,918;8,123
418,95;51,975;4,749;8,957;8,118
419,3;51,679;4,759;9,01;8,123
419,66;51,41;4,779;9,042;8,122
420,01;51,133;4,797;9,08;8,144
420,37;50,869;4,796;9,115;8,172
420,73;50,609;4,804;9,15;8,194
421,08;50,401;4,823;9,182;8,219
421,44;50,243;4,832;9,204;8,25
421,79;50,088;4,847;9,226;8,272
422,15;49,966;4,861;9,271;8,318
422,5;49,865;4,876;9,303;8,356
422,86;49,747;4,885;9,322;8,382
423,21;49,633;4,898;9,351;8,418
423,57;49,544;4,905;9,361;8,457
423,93;49,466;4,914;9,384;8,506
424,28;49,424;4,918;9,414;8,527
424,64;49,355;4,92;9,427;8,559
424,99;49,322;4,929;9,46;8,574
425,35;49,259;4,945;9,498;8,595
425,7;49,174;4,954;9,538;8,628
426,06;49,088;4,966;9,572;8,658
426,41;49,016;4,999;9,588;8,706
426,77;48,983;5,004;9,6;8,746
427,12;48,967;5,005;9,65;8,787
427,48;48,948;5,017;9,693;8,837
427,83;48,941;5,04;9,717;8,849
428,19;48,932;5,064;9,751;8,904
428,54;48,871;5,061;9,797;8,928
428,9;48,771;5,071;9,868;8,952
429,25;48,648;5,08;9,927;8,958
429,61;48,516;5,088;9,963;8,973
429,96;48,372;5,093;9,999;8,992
430,32;48,286;5,103;10,034;9,022
430,67;48,202;5,126;10,072;9,067
431,03;48,11;5,156;10,134;9,104
431,38;48,024;5,166;10,161;9,131
431,74;47,961;5,185;10,194;9,161
432,09;47,927;5,201;10,241;9,18
432,44;47,844;5,225;10,275;9,213
432,8;47,778;5,232;10,316;9,258
433,15;47,716;5,242;10,346;9,284
433,51;47,641;5,278;10,39;9,308
433,86;47,562;5,302;10,456;9,33
434,22;47,433;5,317;10,49;9,349
434,57;47,274;5,329;10,505;9,375
434,93;47,165;5,337;10,545;9,386
435,28;47,012;5,346;10,583;9,42
435,63;46,844;5,353;10,628;9,438
435,99;46,694;5,378;10,655;9,447
436,34;46,524;5,394;10,682;9,479
436,7;46,376;5,394;10,712;9,51
437,05;46,227;5,418;10,76;9,539
437,41;46,09;5,442;10,803;9,575
437,76;45,953;5,452;10,828;9,616
438,11;45,83;5,453;10,859;9,626
438,47;45,705;5,459;10,889;9,656
438,82;45,577;5,474;10,911;9,676
439,18;45,424;5,475;10,937;9,7
439,53;45,255;5,489;10,968;9,721
439,88;45,117;5,488;10,993;9,739
440,24;44,94;5,491;11,011;9,737
440,59;44,758;5,497;11,046;9,738
440,95;44,54;5,483;11,067;9,746
441,3;44,322;5,477;11,083;9,748
441,65;44,107;5,494;11,116;9,766
442,01;43,898;5,505;11,156;9,784
442,36;43,674;5,513;11,168;9,808
442,71;43,487;5,532;11,19;9,848
443,07;43,297;5,537;11,214;9,871
443,42;43,136;5,537;11,237;9,923
443,77;43;5,546;11,267;9,964
444,13;42,883;5,56;11,297;10,008
444,48;42,775;5,565;11,318;10,052
444,84;42,638;5,569;11,344;10,074
445,19;42,547;5,577;11,372;10,089
445,54;42,446;5,586;11,384;10,124
445,9;42,346;5,585;11,404;10,145
446,25;42,248;5,587;11,43;10,167
446,6;42,163;5,601;11,446;10,188
446,95;42,078;5,601;11,457;10,213
447,31;41,978;5,6;11,476;10,236
447,66;41,876;5,593;11,496;10,251
448,01;41,785;5,603;11,501;10,287
448,37;41,717;5,623;11,522;10,32
448,72;41,643;5,636;11,533;10,368
449,07;41,581;5,638;11,546;10,407
449,43;41,54;5,641;11,561;10,442
449,78;41,511;5,654;11,584;10,483
450,13;41,48;5,654;11,622;10,513
450,49;41,457;5,663;11,643;10,537
450,84;41,409;5,672;11,666;10,565
451,19;41,355;5,672;11,685;10,583
451,54;41,275;5,682;11,696;10,591
451,9;41,206;5,666;11,715;10,591
452,25;41,146;5,663;11,727;10,597
452,6;41,047;5,669;11,749;10,613
452,95;40,953;5,673;11,771;10,607
453,31;40,866;5,673;11,799;10,602
453,66;40,755;5,661;11,823;10,598
454,01;40,641;5,669;11,851;10,585
454,36;40,519;5,678;11,87;10,57
454,72;40,377;5,697;11,898;10,543
455,07;40,269;5,723;11,921;10,528
455,42;40,121;5,743;11,963;10,51
455,77;39,977;5,731;11,979;10,513
456,13;39,875;5,741;12,006;10,523
456,48;39,818;5,744;12,025;10,536
456,83;39,8;5,759;12,031;10,558
457,18;39,795;5,755;12,041;10,567
457,54;39,8;5,745;12,036;10,567
457,89;39,84;5,758;12,047;10,589
458,24;39,865;5,771;12,068;10,593
458,59;39,905;5,775;12,074;10,599
458,94;39,937;5,775;12,087;10,617
459,3;39,952;5,779;12,095;10,626
459,65;39,99;5,787;12,114;10,639
460;40,011;5,792;12,131;10,641
460,35;40,028;5,8;12,14;10,644
460,7;40,065;5,822;12,143;10,653
461,06;40,099;5,837;12,15;10,666
461,41;40,15;5,84;12,151;10,681
461,76;40,245;5,839;12,172;10,709
462,11;40,399;5,845;12,169;10,75
462,46;40,532;5,856;12,181;10,803
462,81;40,728;5,846;12,18;10,851
463,17;40,951;5,869;12,212;10,894
463,52;41,156;5,883;12,227;10,921
463,87;41,322;5,89;12,253;10,947
464,22;41,437;5,899;12,273;10,95
464,57;41,516;5,911;12,307;10,956
464,92;41,561;5,936;12,342;10,975
465,28;41,568;5,934;12,365;10,972
465,63;41,59;5,942;12,376;10,98
465,98;41,577;5,948;12,391;10,997
466,33;41,583;5,961;12,411;10,979
466,68;41,606;5,986;12,437;10,977
467,03;41,607;6,004;12,447;10,982
467,38;41,603;6,021;12,46;10,985
467,73;41,641;6,025;12,489;10,991
468,09;41,657;6,014;12,499;11,005
468,44;41,71;6,037;12,512;11,02
468,79;41,756;6,057;12,55;11,05
469,14;41,76;6,088;12,563;11,1
469,49;41,746;6,112;12,593;11,123
469,84;41,751;6,107;12,597;11,149
470,19;41,754;6,138;12,624;11,162
470,54;41,745;6,148;12,64;11,157
470,89;41,709;6,153;12,658;11,159
471,24;41,653;6,169;12,674;11,161
471,6;41,582;6,176;12,722;11,174
471,95;41,48;6,175;12,728;11,165
472,3;41,384;6,187;12,74;11,153
472,65;41,29;6,2;12,75;11,162
473;41,175;6,199;12,768;11,16
473,35;41,078;6,221;12,796;11,138
473,7;40,984;6,21;12,81;11,143
474,05;40,869;6,216;12,82;11,142
474,4;40,76;6,212;12,84;11,142
474,75;40,683;6,201;12,864;11,136
475,1;40,563;6,205;12,874;11,148
475,45;40,47;6,23;12,888;11,151
475,8;40,384;6,233;12,913;11,151
476,15;40,271;6,228;12,925;11,144
476,5;40,167;6,232;12,937;11,102
476,85;40,022;6,216;12,948;11,078
477,2;39,87;6,233;12,989;11,041
477,55;39,666;6,23;13,01;11,019
477,9;39,46;6,242;13,039;10,994
478,25;39,2;6,243;13,068;10,921
478,6;38,914;6,249;13,117;10,804
478,95;38,575;6,269;13,176;10,692
479,3;38,211;6,296;13,231;10,642
479,65;37,817;6,317;13,27;10,634
480;37,459;6,339;13,289;10,673
480,35;37,204;6,351;13,293;10,724
480,7;37,077;6,35;13,292;10,771
481,05;37,035;6,363;13,295;10,811
481,4;37,02;6,358;13,295;10,829
481,75;36,984;6,356;13,298;10,825
482,1;36,917;6,361;13,307;10,81
482,45;36,826;6,358;13,331;10,778
482,8;36,715;6,361;13,356;10,751
483,15;36,597;6,371;13,38;10,735
483,5;36,481;6,38;13,398;10,732
483,85;36,385;6,386;13,411;10,747
484,2;36,329;6,394;13,426;10,767
484,55;36,291;6,395;13,422;10,791
484,9;36,295;6,397;13,422;10,809
485,25;36,311;6,393;13,419;10,832
485,6;36,357;6,401;13,424;10,872
485,95;36,395;6,413;13,429;10,922
486,3;36,462;6,421;13,43;10,965
486,65;36,549;6,422;13,433;10,99
487;36,664;6,423;13,45;11,004
487,34;36,79;6,427;13,476;10,993
487,69;36,888;6,436;13,505;10,989
488,04;36,932;6,445;13,535;10,99
488,39;36,958;6,455;13,555;10,993
488,74;37,009;6,47;13,58;11,013
489,09;37,097;6,482;13,592;11,051
489,44;37,19;6,484;13,591;11,086
489,79;37,309;6,494;13,578;11,135
490,14;37,45;6,493;13,568;11,187
490,49;37,604;6,491;13,561;11,232
490,83;37,794;6,493;13,543;11,264
491,18;37,965;6,488;13,532;11,27
491,53;38,125;6,491;13,529;11,28
491,88;38,262;6,496;13,541;11,273
492,23;38,346;6,504;13,552;11,267
492,58;38,405;6,529;13,574;11,261
492,93;38,435;6,535;13,58;11,247
493,28;38,519;6,534;13,585;11,28
493,62;38,61;6,525;13,574;11,322
493,97;38,732;6,53;13,575;11,382
494,32;38,935;6,537;13,568;11,436
494,67;39,181;6,53;13,558;11,485
495,02;39,484;6,532;13,557;11,509
495,37;39,79;6,541;13,557;11,532
495,71;40,027;6,537;13,567;11,548
496,06;40,206;6,538;13,586;11,553
496,41;40,342;6,549;13,62;11,56
496,76;40,503;6,568;13,66;11,597
497,11;40,682;6,573;13,695;11,618
497,46;40,869;6,577;13,734;11,631
497,8;41,102;6,584;13,769;11,656
498,15;41,306;6,594;13,816;11,698
498,5;41,545;6,623;13,868;11,755
498,85;41,772;6,641;13,914;11,795
499,2;42,004;6,647;13,955;11,84
499,54;42,258;6,656;13,988;11,887
499,89;42,494;6,649;14,004;11,937
500,24;42,75;6,651;14,045;11,982
500,59;42,958;6,658;14,063;12,008
500,93;43,171;6,676;14,088;12,05
501,28;43,377;6,705;14,103;12,085
501,63;43,567;6,726;14,121;12,119
501,98;43,768;6,742;14,148;12,162
502,33;43,94;6,752;14,178;12,191
502,67;44,086;6,765;14,22;12,215
503,02;44,244;6,787;14,254;12,239
503,37;44,367;6,8;14,283;12,26
503,72;44,467;6,812;14,31;12,271
504,06;44,575;6,832;14,342;12,275
504,41;44,667;6,856;14,382;12,315
504,76;44,749;6,875;14,419;12,343
505,11;44,787;6,896;14,429;12,365
505,45;44,875;6,918;14,47;12,382
505,8;44,969;6,918;14,507;12,398
506,15;45,051;6,923;14,533;12,4
506,49;45,163;6,951;14,566;12,432
506,84;45,267;6,975;14,601;12,461
507,19;45,4;6,995;14,65;12,483
507,54;45,515;7,02;14,692;12,527
507,88;45,654;7,042;14,73;12,554
508,23;45,793;7,059;14,774;12,586
508,58;45,927;7,074;14,833;12,612
508,92;46,027;7,073;14,868;12,642
509,27;46,14;7,09;14,912;12,666
509,62;46,247;7,105;14,941;12,697
509,96;46,363;7,106;14,986;12,729
510,31;46,476;7,116;15,017;12,752
510,66;46,58;7,134;15,043;12,785
511;46,703;7,152;15,081;12,824
511,35;46,802;7,168;15,103;12,862
511,7;46,922;7,185;15,123;12,869
512,04;47,041;7,211;15,145;12,898
512,39;47,182;7,238;15,182;12,935
512,74;47,253;7,25;15,218;12,958
513,08;47,311;7,282;15,257;12,979
513,43;47,339;7,305;15,291;12,997
513,78;47,34;7,321;15,329;12,989
514,12;47,304;7,339;15,354;12,992
514,47;47,245;7,356;15,37;13,001
514,82;47,196;7,365;15,385;13,005
515,16;47,146;7,373;15,393;13,022
515,51;47,081;7,373;15,399;13,033
515,85;47,023;7,38;15,38;13,04
516,2;46,967;7,399;15,383;13,051
516,55;46,887;7,406;15,382;13,044
516,89;46,797;7,415;15,369;13,036
517,24;46,717;7,429;15,35;13,034
517,58;46,651;7,437;15,349;13,041
517,93;46,601;7,457;15,354;13,041
518,28;46,558;7,464;15,359;13,05
518,62;46,561;7,465;15,376;13,067
518,97;46,562;7,472;15,393;13,095
519,31;46,566;7,474;15,407;13,113
519,66;46,569;7,475;15,433;13,129
520,01;46,628;7,485;15,451;13,158
520,35;46,652;7,491;15,47;13,176
520,7;46,711;7,506;15,501;13,204
521,04;46,737;7,528;15,536;13,235
521,39;46,773;7,542;15,579;13,258
521,73;46,823;7,565;15,624;13,291
522,08;46,893;7,595;15,671;13,335
522,42;46,959;7,617;15,731;13,36
522,77;47,019;7,663;15,802;13,377
523,12;47,074;7,702;15,905;13,391
523,46;47,135;7,727;16,017;13,364
523,81;47,118;7,76;16,134;13,343
524,15;47,083;7,802;16,26;13,358
524,5;47,001;7,854;16,353;13,397
524,84;46,927;7,897;16,444;13,461
525,19;46,867;7,922;16,495;13,533
525,53;46,89;7,938;16,533;13,594
525,88;46,952;7,958;16,565;13,643
526,22;47,009;7,971;16,589;13,685
526,57;47,075;7,986;16,617;13,729
526,91;47,117;7,994;16,64;13,764
527,26;47,139;8,008;16,663;13,791
527,6;47,164;8,016;16,684;13,818
527,95;47,186;8,031;16,712;13,839
528,29;47,212;8,04;16,748;13,852
528,64;47,218;8,056;16,786;13,872
528,98;47,214;8,071;16,832;13,896
529,33;47,2;8,085;16,868;13,911
529,67;47,196;8,105;16,91;13,949
530,01;47,218;8,113;16,93;13,994
530,36;47,276;8,113;16,939;14,05
530,7;47,354;8,126;16,941;14,129
531,05;47,482;8,133;16,938;14,222
531,39;47,631;8,14;16,944;14,291
531,74;47,816;8,142;16,964;14,339
532,08;47,972;8,145;16,974;14,362
532,43;48,121;8,159;17,015;14,369
532,77;48,185;8,184;17,058;14,384
533,11;48,168;8,205;17,096;14,405
533,46;48,183;8,221;17,132;14,43
533,8;48,18;8,235;17,156;14,451
534,15;48,215;8,249;17,191;14,474
534,49;48,253;8,257;17,217;14,494
534,84;48,316;8,277;17,242;14,524
535,18;48,38;8,297;17,27;14,571
535,52;48,455;8,315;17,292;14,624
535,87;48,566;8,343;17,324;14,662
536,21;48,667;8,362;17,367;14,669
536,56;48,743;8,388;17,435;14,676
536,9;48,782;8,42;17,495;14,676
537,24;48,76;8,462;17,578;14,686
537,59;48,659;8,509;17,651;14,709
537,93;48,586;8,542;17,717;14,747
538,27;48,539;8,578;17,776;14,772
538,62;48,536;8,596;17,817;14,812
538,96;48,556;8,624;17,85;14,87
539,31;48,594;8,643;17,888;14,918
539,65;48,632;8,659;17,915;14,968
539,99;48,693;8,668;17,945;15,006
540,34;48,772;8,68;17,969;15,031
540,68;48,806;8,701;18,007;15,043
541,02;48,835;8,719;18,048;15,05
541,37;48,813;8,739;18,07;15,045
541,71;48,808;8,76;18,105;15,065
542,05;48,774;8,775;18,139;15,073
542,4;48,748;8,786;18,158;15,081
542,74;48,744;8,798;18,177;15,114
543,08;48,756;8,807;18,192;15,155
543,43;48,822;8,822;18,203;15,228
543,77;48,938;8,826;18,199;15,314
544,11;49,087;8,837;18,193;15,386
544,45;49,299;8,848;18,196;15,459
544,8;49,547;8,851;18,206;15,512
545,14;49,756;8,87;18,233;15,557
545,48;49,932;8,889;18,247;15,615
545,83;50,095;8,915;18,269;15,665
546,17;50,242;8,925;18,305;15,696
546,51;50,41;8,94;18,332;15,739
546,85;50,585;8,959;18,365;15,778
547,2;50,716;8,976;18,398;15,804
547,54;50,79;8,999;18,451;15,832
547,88;50,862;9,019;18,484;15,86
548,22;50,945;9,05;18,522;15,9
548,57;51,034;9,076;18,55;15,968
548,91;51,114;9,105;18,574;16,008
549,25;51,265;9,121;18,582;16,077
549,59;51,424;9,142;18,612;16,147
549,94;51,609;9,171;18,65;16,202
550,28;51,808;9,2;18,696;16,269
550,62;51,998;9,229;18,731;16,325
550,96;52,127;9,254;18,773;16,357
551,31;52,248;9,28;18,817;16,391
551,65;52,273;9,309;18,853;16,427
551,99;52,32;9,339;18,904;16,46
552,33;52,376;9,343;18,924;16,47
552,67;52,466;9,356;18,96;16,479
553,02;52,5;9,378;18,996;16,506
553,36;52,516;9,407;19,015;16,526
553,7;52,56;9,436;19,06;16,549
554,04;52,601;9,455;19,08;16,586
554,38;52,66;9,479;19,112;16,617
554,73;52,758;9,49;19,138;16,642
555,07;52,852;9,509;19,173;16,682
555,41;52,965;9,525;19,21;16,726
555,75;53,109;9,57;19,27;16,766
556,09;53,228;9,581;19,301;16,792
556,43;53,308;9,615;19,37;16,821
556,78;53,415;9,648;19,436;16,86
557,12;53,455;9,658;19,474;16,886
557,46;53,496;9,673;19,512;16,898
557,8;53,499;9,703;19,544;16,911
558,14;53,527;9,742;19,591;16,94
558,48;53,553;9,782;19,631;16,971
558,82;53,626;9,786;19,669;16,981
559,17;53,667;9,795;19,684;16,985
559,51;53,678;9,822;19,713;17,012
559,85;53,644;9,845;19,752;17,041
560,19;53,66;9,878;19,799;17,053
560,53;53,662;9,914;19,863;17,062
560,87;53,624;9,957;19,925;17,069
561,21;53,563;10,004;19,975;17,046
561,55;53,488;10,044;20,004;17,031
561,89;53,397;10,084;20,037;17,027
562,24;53,34;10,113;20,069;17,018
562,58;53,232;10,152;20,082;16,993
562,92;53,182;10,162;20,098;16,994
563,26;53,184;10,202;20,164;16,998
563,6;53,186;10,217;20,191;16,995
563,94;53,191;10,219;20,207;16,999
564,28;53,203;10,241;20,255;17,006
564,62;53,213;10,266;20,297;17,012
564,96;53,235;10,293;20,35;17,02
565,3;53,245;10,302;20,371;17,006
565,64;53,23;10,306;20,417;16,998
565,98;53,188;10,339;20,448;16,997
566,32;53,17;10,38;20,499;16,986
566,66;53,132;10,41;20,538;16,978
567;53,104;10,438;20,586;16,952
567,35;53,035;10,46;20,63;16,917
567,69;52,995;10,462;20,643;16,885
568,03;52,972;10,482;20,675;16,867
568,37;52,977;10,488;20,7;16,854
568,71;52,996;10,504;20,731;16,863
569,05;53,02;10,517;20,768;16,853
569,39;53,025;10,537;20,799;16,862
569,73;53,081;10,538;20,85;16,88
570,07;53,123;10,554;20,9;16,87
570,41;53,131;10,572;20,918;16,881
570,75;53,116;10,613;20,963;16,882
571,09;53,078;10,651;21,001;16,857
571,43;53,048;10,677;21,019;16,853
571,77;53,043;10,695;21,035;16,846
572,11;53,067;10,715;21,054;16,848
572,45;53,083;10,745;21,085;16,855
572,79;53,11;10,776;21,118;16,856
573,12;53,156;10,795;21,164;16,86
573,46;53,196;10,818;21,189;16,876
573,8;53,243;10,825;21,225;16,887
574,14;53,325;10,847;21,24;16,912
574,48;53,446;10,858;21,251;16,954
574,82;53,568;10,874;21,28;16,99
575,16;53,701;10,886;21,305;17,036
575,5;53,817;10,9;21,346;17,08
575,84;53,944;10,907;21,396;17,106
576,18;54,089;10,933;21,44;17,151
576,52;54,22;10,984;21,49;17,199
576,86;54,326;11,01;21,516;17,222
577,2;54,388;11,015;21,539;17,24
577,54;54,471;11,021;21,556;17,251
577,88;54,573;11,033;21,577;17,295
578,21;54,685;11,051;21,619;17,33
578,55;54,819;11,083;21,652;17,356
578,89;54,9;11,082;21,686;17,394
579,23;54,969;11,101;21,72;17,434
579,57;55,042;11,134;21,769;17,466
579,91;55,12;11,148;21,782;17,51
580,25;55,171;11,151;21,782;17,521
580,59;55,223;11,154;21,811;17,546
580,93;55,26;11,196;21,852;17,575
581,26;55,271;11,201;21,862;17,555
581,6;55,317;11,221;21,925;17,564
581,94;55,338;11,27;21,977;17,598
582,28;55,378;11,291;21,991;17,591
582,62;55,422;11,329;22,025;17,609
582,96;55,398;11,379;22,038;17,591
583,3;55,406;11,404;22,056;17,604
583,63;55,389;11,37;22,093;17,58
583,97;55,371;11,388;22,14;17,577
584,31;55,375;11,439;22,184;17,575
584,65;55,37;11,481;22,231;17,579
584,99;55,319;11,504;22,27;17,537
585,33;55,29;11,539;22,304;17,548
585,66;55,246;11,558;22,32;17,512
586;55,227;11,621;22,357;17,519
586,34;55,16;11,647;22,378;17,485
586,68;55,085;11,671;22,401;17,473
587,02;55,018;11,715;22,46;17,462
587,35;55,002;11,751;22,52;17,466
587,69;54,966;11,79;22,574;17,474
588,03;54,964;11,79;22,585;17,46
588,37;54,965;11,82;22,64;17,488
588,7;54,898;11,853;22,659;17,472
589,04;54,863;11,858;22,687;17,45
589,38;54,783;11,884;22,717;17,434
589,72;54,692;11,912;22,738;17,412
590,06;54,597;11,928;22,777;17,418
590,39;54,47;11,958;22,824;17,406
590,73;54,33;12,012;22,84;17,377
591,07;54,234;12,032;22,844;17,362
591,41;54,106;12,046;22,873;17,362
591,74;53,976;12,057;22,905;17,316
592,08;53,86;12,075;22,934;17,291
592,42;53,681;12,087;22,98;17,24
592,75;53,516;12,117;23,025;17,214
593,09;53,33;12,151;23,073;17,194
593,43;53,192;12,191;23,137;17,186
593,77;53,109;12,226;23,186;17,174
594,1;53,045;12,222;23,205;17,152
594,44;52,996;12,255;23,254;17,158
594,78;52,965;12,273;23,254;17,144
595,11;52,922;12,307;23,286;17,154
595,45;52,875;12,337;23,316;17,173
595,79;52,842;12,369;23,347;17,192
596,13;52,816;12,4;23,365;17,211
596,46;52,774;12,448;23,397;17,227
596,8;52,773;12,471;23,466;17,25
597,14;52,771;12,517;23,52;17,281
597,47;52,776;12,541;23,563;17,292
597,81;52,822;12,567;23,606;17,329
598,15;52,797;12,601;23,663;17,321
598,48;52,777;12,661;23,725;17,319
598,82;52,733;12,688;23,766;17,344
599,16;52,702;12,735;23,82;17,357
599,49;52,662;12,781;23,848;17,374
599,83;52,625;12,829;23,919;17,389
600,16;52,592;12,857;23,986;17,374
600,5;52,532;12,896;24,039;17,369
600,84;52,438;12,924;24,073;17,371
601,17;52,35;12,981;24,143;17,382
601,51;52,23;13,01;24,159;17,364
601,85;52,128;13,031;24,202;17,36
602,18;52,061;13,076;24,257;17,367
602,52;52;13,103;24,301;17,354
602,85;51,943;13,114;24,308;17,339
603,19;51,91;13,162;24,36;17,328
603,53;51,867;13,171;24,405;17,333
603,86;51,801;13,209;24,417;17,326
604,2;51,755;13,231;24,443;17,284
604,53;51,666;13,259;24,464;17,276
604,87;51,525;13,301;24,478;17,243
605,2;51,421;13,342;24,514;17,245
605,54;51,342;13,351;24,505;17,227
605,88;51,258;13,392;24,538;17,235
606,21;51,241;13,424;24,583;17,26
606,55;51,285;13,456;24,627;17,277
606,88;51,334;13,459;24,632;17,306
607,22;51,374;13,471;24,622;17,329
607,55;51,422;13,494;24,621;17,371
607,89;51,487;13,525;24,638;17,383
608,22;51,527;13,556;24,648;17,408
608,56;51,562;13,555;24,683;17,421
608,89;51,583;13,575;24,72;17,457
609,23;51,581;13,583;24,713;17,465
609,57;51,579;13,6;24,714;17,452
609,9;51,536;13,605;24,745;17,443
610,24;51,469;13,601;24,765;17,441
610,57;51,484;13,591;24,771;17,429
610,91;51,514;13,575;24,784;17,431
611,24;51,545;13,586;24,802;17,471
611,58;51,606;13,614;24,817;17,481
611,91;51,723;13,608;24,856;17,518
612,25;51,798;13,611;24,844;17,552
612,58;51,884;13,623;24,894;17,612
612,91;52,03;13,626;24,907;17,649
613,25;52,09;13,619;24,874;17,655
613,58;52,117;13,617;24,854;17,684
613,92;52,094;13,652;24,882;17,708
614,25;52,101;13,684;24,934;17,735
614,59;52,105;13,665;24,968;17,709
614,92;52,054;13,693;25,024;17,734
615,26;52,017;13,69;25,037;17,73
615,59;52,009;13,742;25,04;17,744
615,93;51,953;13,77;25,068;17,731
616,26;51,885;13,771;25,091;17,714
616,59;51,759;13,768;25,09;17,725
616,93;51,689;13,809;25,113;17,722
617,26;51,627;13,82;25,107;17,714
617,6;51,527;13,873;25,111;17,723
617,93;51,397;13,909;25,114;17,73
618,26;51,252;13,91;25,09;17,702
618,6;51,152;13,903;25,097;17,73
618,93;51,01;13,901;25,089;17,717
619,27;50,908;13,94;25,112;17,71
619,6;50,811;13,936;25,096;17,716
619,93;50,683;13,97;25,107;17,721
620,27;50,593;13,996;25,123;17,712
620,6;50,47;14,003;25,153;17,683
620,94;50,342;14,024;25,168;17,676
621,27;50,173;14,06;25,192;17,645
621,6;49,977;14,071;25,206;17,611
621,94;49,814;14,087;25,199;17,569
622,27;49,588;14,101;25,212;17,507
622,6;49,325;14,123;25,22;17,483
622,94;49,067;14,156;25,21;17,438
623,27;48,833;14,179;25,2;17,41
623,6;48,689;14,224;25,246;17,406
623,94;48,572;14,233;25,236;17,426
624,27;48,471;14,252;25,243;17,425
624,6;48,354;14,28;25,257;17,398
624,94;48,231;14,29;25,239;17,392
625,27;48,148;14,307;25,256;17,417
625,6;48,043;14,317;25,276;17,409
625,94;47,975;14,333;25,281;17,416
626,27;47,925;14,328;25,289;17,427
626,6;47,855;14,349;25,315;17,422
626,94;47,782;14,334;25,305;17,418
627,27;47,668;14,331;25,304;17,401
627,6;47,611;14,357;25,314;17,424
627,93;47,563;14,37;25,312;17,438
628,27;47,577;14,385;25,276;17,459
628,6;47,554;14,431;25,263;17,493
628,93;47,511;14,429;25,268;17,518
629,26;47,47;14,447;25,242;17,553
629,6;47,445;14,462;25,26;17,566
629,93;47,417;14,463;25,265;17,557
630,26;47,37;14,499;25,27;17,592
630,59;47,264;14,498;25,231;17,566
630,93;47,148;14,5;25,239;17,563
631,26;46,965;14,477;25,202;17,543
631,59;46,845;14,484;25,208;17,574
631,92;46,731;14,491;25,216;17,546
632,26;46,617;14,489;25,185;17,506
632,59;46,497;14,504;25,155;17,48
632,92;46,377;14,547;25,168;17,493
633,25;46,241;14,577;25,161;17,476
633,58;46,1;14,596;25,16;17,445
633,92;45,948;14,613;25,157;17,42
634,25;45,84;14,637;25,149;17,443
634,58;45,702;14,656;25,127;17,438
634,91;45,573;14,671;25,115;17,438
635,24;45,398;14,668;25,108;17,434
635,58;45,303;14,677;25,098;17,464
635,91;45,19;14,682;25,075;17,469
636,24;45,098;14,708;25,093;17,508
636,57;45,018;14,704;25,057;17,492
636,9;44,95;14,729;25,031;17,543
637,23;44,891;14,735;25,048;17,549
637,57;44,851;14,772;25,068;17,61
637,9;44,796;14,804;25,061;17,639
638,23;44,751;14,832;25,073;17,678
638,56;44,674;14,805;25,023;17,673
638,89;44,59;14,821;25,012;17,707
639,22;44,486;14,852;25,023;17,75
639,55;44,431;14,881;25,038;17,791
639,89;44,312;14,888;25,025;17,806
640,22;44,225;14,895;25,032;17,823
640,55;44,149;14,877;25,02;17,84
640,88;44,06;14,909;25,004;17,841
641,21;43,946;14,917;25,009;17,838
641,54;43,839;14,947;25,025;17,865
641,87;43,763;14,959;25,031;17,876
642,2;43,669;14,975;25,043;17,879
642,53;43,53;14,954;25,041;17,855
642,86;43,449;15,006;25,075;17,913
643,2;43,357;14,976;25,06;17,88
643,53;43,201;14,999;25,073;17,896
643,86;43,083;14,979;25,04;17,918
644,19;42,994;14,971;24,993;17,951
644,52;42,859;14,933;24,982;17,926
644,85;42,715;14,936;24,968;17,943
645,18;42,609;14,967;24,958;17,932
645,51;42,483;15;24,971;17,927
645,84;42,325;15,017;24,993;17,916
646,17;42,131;15,012;24,964;17,903
646,5;41,913;14,987;24,918;17,863
646,83;41,802;15,054;24,968;17,937
647,16;41,575;14,989;24,858;17,845
647,49;41,389;15,035;24,82;17,861
647,82;41,227;15,048;24,79;17,864
648,15;41,044;15,064;24,77;17,897
648,48;40,851;15,037;24,716;17,873
648,81;40,675;15,021;24,653;17,815
649,14;40,472;14,986;24,605;17,801
649,47;40,315;15;24,583;17,794
649,8;40,117;14,976;24,537;17,74
650,13;39,978;14,992;24,523;17,758
650,46;39,876;15,011;24,521;17,799
650,79;39,669;15,003;24,483;17,736
651,12;39,485;14,989;24,467;17,678
651,45;39,305;15,024;24,406;17,682
651,78;39,14;15,011;24,39;17,648
652,11;38,949;15,005;24,375;17,669
652,44;38,762;14,99;24,331;17,671
652,77;38,632;15,005;24,324;17,703
653,1;38,491;15,001;24,319;17,704
653,43;38,317;14,984;24,261;17,685
653,76;38,081;14,891;24,154;17,567
654,09;37,913;14,951;24,203;17,668
654,42;37,648;14,944;24,166;17,629
654,75;37,388;14,938;24,125;17,627
655,07;37,119;14,907;24,086;17,56
655,4;36,829;14,914;24,043;17,531
655,73;36,488;14,922;24,044;17,507
656,06;36,25;14,944;24,016;17,488
656,39;35,977;14,93;23,95;17,464
656,72;35,785;14,898;23,852;17,443
657,05;35,528;14,909;23,772;17,416
657,38;35,299;14,853;23,688;17,367
657,71;35,18;14,874;23,706;17,407
658,03;35,008;14,901;23,674;17,402
658,36;34,863;14,888;23,629;17,392
658,69;34,709;14,9;23,593;17,412
659,02;34,564;14,878;23,551;17,404
659,35;34,417;14,847;23,518;17,415
659,68;34,256;14,827;23,434;17,409
660,01;34,14;14,834;23,384;17,422
660,34;34,035;14,834;23,363;17,458
660,66;33,981;14,85;23,326;17,448
660,99;33,897;14,835;23,275;17,465
661,32;33,863;14,799;23,214;17,506
661,65;33,845;14,771;23,221;17,521
661,98;33,826;14,761;23,161;17,586
662,3;33,766;14,7;23,113;17,609
662,63;33,774;14,667;23,038;17,679
662,96;33,743;14,664;22,993;17,74
663,29;33,713;14,685;22,985;17,804
663,62;33,615;14,7;22,997;17,858
663,95;33,524;14,693;23,008;17,873
664,27;33,388;14,738;22,981;17,951
664,6;33,244;14,715;22,871;17,935
664,93;33,076;14,704;22,835;17,935
665,26;32,954;14,686;22,809;17,94
665,58;32,833;14,699;22,75;17,913
665,91;32,698;14,735;22,709;17,91
666,24;32,551;14,748;22,668;17,893
666,57;32,387;14,691;22,624;17,872
666,89;32,244;14,657;22,558;17,82
667,22;32,087;14,653;22,523;17,849
667,55;31,922;14,593;22,438;17,89
667,88;31,765;14,517;22,361;17,824
668,2;31,638;14,543;22,327;17,835
668,53;31,455;14,549;22,258;17,855
668,86;31,285;14,558;22,241;17,868
669,19;31,179;14,608;22,212;17,914
669,51;31,046;14,597;22,123;17,9
669,84;30,922;14,551;22,082;17,889
670,17;30,765;14,498;21,972;17,824
670,49;30,652;14,46;21,892;17,817
670,82;30,575;14,44;21,844;17,843
671,15;30,448;14,426;21,796;17,836
671,48;30,317;14,418;21,742;17,832
671,8;30,257;14,401;21,695;17,87
672,13;30,148;14,37;21,604;17,882
672,46;30,007;14,296;21,489;17,849
672,78;29,917;14,261;21,384;17,866
673,11;29,771;14,262;21,299;17,902
673,44;29,682;14,279;21,251;17,889
673,76;29,494;14,272;21,219;17,952
674,09;29,4;14,288;21,157;17,912
674,42;29,206;14,307;21,119;17,904
674,74;29,015;14,37;21,09;17,93
675,07;28,816;14,365;21,039;17,886
675,4;28,606;14,325;20,951;17,812
675,72;28,419;14,342;20,889;17,772
676,05;28,239;14,316;20,825;17,721
676,37;28,003;14,312;20,816;17,695
676,7;27,717;14,279;20,731;17,64
677,03;27,505;14,309;20,729;17,671
677,35;27,266;14,316;20,676;17,623
677,68;27,043;14,305;20,531;17,59
678;26,909;14,261;20,45;17,552
678,33;26,792;14,238;20,401;17,612
678,66;26,64;14,198;20,311;17,64
678,98;26,531;14,219;20,303;17,648
679,31;26,386;14,251;20,278;17,713
679,63;26,277;14,23;20,271;17,701
679,96;26,216;14,224;20,234;17,715
680,29;26,129;14,228;20,184;17,741
680,61;26,035;14,187;20,081;17,706
680,94;25,891;14,119;19,999;17,73
681,26;25,843;14,096;19,946;17,746
681,59;25,798;14,072;19,857;17,733
681,91;25,753;14,009;19,756;17,738
682,24;25,719;14,008;19,701;17,816
682,56;25,691;13,968;19,625;17,843
682,89;25,705;13,918;19,534;17,882
683,21;25,71;13,889;19,485;17,915
683,54;25,715;13,89;19,413;17,98
683,86;25,724;13,83;19,298;18,006
684,19;25,714;13,764;19,204;18,051
684,51;25,734;13,718;19,227;18,137
684,84;25,699;13,683;19,092;18,164
685,16;25,613;13,624;19,061;18,144
685,49;25,556;13,609;18,958;18,113
685,81;25,456;13,609;18,837;18,146
686,14;25,36;13,586;18,759;18,112
686,46;25,261;13,532;18,639;18,102
686,79;25,115;13,529;18,591;18,087
687,11;25,024;13,516;18,487;18,085
687,44;25,007;13,54;18,477;18,149
687,76;24,939;13,567;18,4;18,138
688,09;24,817;13,548;18,326;18,095
688,41;24,713;13,481;18,249;18,11
688,74;24,625;13,444;18,199;18,116
689,06;24,549;13,413;18,108;18,108
689,38;24,411;13,35;17,991;18,08
689,71;24,271;13,341;17,891;18,049
690,03;24,106;13,318;17,749;18,016
690,36;23,964;13,27;17,62;17,998
690,68;23,847;13,246;17,556;17,984
691,01;23,73;13,267;17,482;17,991
691,33;23,536;13,204;17,333;17,942
691,65;23,422;13,167;17,299;17,932
691,98;23,252;13,175;17,199;17,88
692,3;23,087;13,108;17,137;17,828
692,63;22,949;13,024;17,073;17,774
692,95;22,86;12,962;17,005;17,76
693,27;22,647;12,968;16,894;17,74
693,6;22,475;12,89;16,718;17,678
693,92;22,23;12,79;16,608;17,608
694,24;21,987;12,694;16,479;17,48
694,57;21,699;12,656;16,384;17,384
694,89;21,433;12,607;16,226;17,37
695,22;21,169;12,604;16,153;17,33
695,54;20,855;12,594;16,039;17,322
695,86;20,586;12,537;15,916;17,207
696,19;20,394;12,467;15,826;17,179
696,51;20,185;12,427;15,74;17,156
696,83;20,07;12,416;15,698;17,213
697,16;19,979;12,375;15,625;17,181
697,48;19,862;12,324;15,54;17,166
697,8;19,75;12,263;15,444;17,15
698,13;19,672;12,276;15,379;17,13
698,45;19,562;12,255;15,314;17,098
698,77;19,527;12,212;15,248;17,103
699,09;19,475;12,186;15,188;17,177
699,42;19,439;12,117;15,119;17,185
699,74;19,346;12,054;15,014;17,126
700,06;19,308;11,989;14,955;17,134
